timestamp,visitorid,event,itemid
2015-06-01 15:22:43.941,465755,view,294632
2015-06-01 15:23:13.572,670816,view,296594
2015-06-01 15:23:14.611,111566,view,325319
2015-06-01 15:23:41.786,715063,view,319992
2015-06-01 15:25:16.549,1113387,view,266900
2015-06-01 15:25:26.355,347864,view,314784
2015-06-01 15:25:37.224,891718,view,56710
2015-06-01 15:25:52.825,697663,view,110994
2015-06-01 15:25:56.228,1098018,view,456889
2015-06-01 15:26:13.453,500669,view,447995
2015-06-01 15:26:25.479,1298909,view,347974
2015-06-01 15:26:49.757,63121,view,310791
2015-06-01 15:27:33.557,112347,view,380493
2015-06-01 15:27:33.651,73449,view,65286
2015-06-01 15:27:36.013,118053,view,304877
2015-06-01 15:27:43.583,184551,view,277276
2015-06-01 15:28:09.521,1371643,view,12765
2015-06-01 15:28:11.822,118053,view,304877
2015-06-01 15:28:40.454,1172198,view,414460
2015-06-01 15:28:45.331,653625,view,420871
2015-06-01 15:29:38.643,649450,view,19664
2015-06-01 15:29:52.378,422883,view,54435
2015-06-01 15:30:05.701,184551,view,277276
2015-06-01 15:30:17.625,293206,addtocart,379092
2015-06-01 15:30:36.281,12773,view,78849
2015-06-01 15:30:46.969,995602,view,259455
2015-06-01 15:31:06.524,1022530,view,59192
2015-06-01 15:32:25.953,1235292,view,293735
2015-06-01 15:32:34.114,965394,view,454672
2015-06-01 15:32:37.638,1072485,view,38403
2015-06-01 15:32:38.593,610183,view,272563
2015-06-01 15:33:38.588,813915,view,78060
2015-06-01 15:34:16.189,889657,view,15327
2015-06-01 15:34:47.919,140279,addtocart,255708
2015-06-01 15:34:51.821,1223889,view,367490
2015-06-01 15:35:00.240,1267731,view,39490
2015-06-01 15:35:12.152,253731,view,307285
2015-06-01 15:35:22.653,118053,view,304877
2015-06-01 15:35:27.608,1223889,view,243355
2015-06-01 15:35:33.974,1398013,view,261863
2015-06-01 15:35:36.316,161416,view,303055
2015-06-01 15:35:40.779,785611,view,64751
2015-06-01 15:35:46.315,1071808,view,426550
2015-06-01 15:35:51.638,1208175,view,117564
2015-06-01 15:36:07.661,977087,view,373384
2015-06-01 15:36:11.345,610183,view,60214
2015-06-01 15:36:25.504,1390955,view,81470
2015-06-01 15:36:32.159,518838,view,354701
2015-06-01 15:36:43.000,348743,view,386056
2015-06-01 15:36:52.842,1098018,view,86497
2015-06-01 15:36:58.911,1036871,view,187354
2015-06-01 15:37:09.022,1181810,view,444365
2015-06-01 15:37:14.929,494371,view,239020
2015-06-01 15:37:26.480,1308992,view,240421
2015-06-01 15:37:40.748,1269751,view,144076
2015-06-01 15:37:51.125,322407,view,260957
2015-06-01 15:37:56.420,371359,view,139898
2015-06-01 15:38:08.176,751255,view,167484
2015-06-01 15:38:27.245,860226,view,431621
2015-06-01 15:38:56.799,1014645,view,112568
2015-06-01 15:39:12.057,556273,view,152085
2015-06-01 15:39:18.304,1079704,view,237318
2015-06-01 15:39:27.013,633164,view,80622
2015-06-01 15:39:38.917,1285796,view,306344
2015-06-01 15:39:48.153,1368359,view,457380
2015-06-01 15:39:48.388,1191882,view,154703
2015-06-01 15:39:49.819,910665,view,161951
2015-06-01 15:40:18.110,212698,view,216305
2015-06-01 15:40:39.791,556273,view,401264
2015-06-01 15:40:43.583,557378,view,24855
2015-06-01 15:40:44.388,779901,view,368094
2015-06-01 15:40:48.656,1130627,view,27494
2015-06-01 15:41:13.872,1130627,view,27494
2015-06-01 15:41:41.336,1103102,view,413990
2015-06-01 15:42:03.994,384824,view,392895
2015-06-01 15:42:08.039,1194501,view,165084
2015-06-01 15:42:22.688,452021,view,96680
2015-06-01 15:42:28.092,127547,view,391089
2015-06-01 15:42:28.889,127547,view,177478
2015-06-01 15:42:32.925,1094964,view,6992
2015-06-01 15:42:34.239,1349454,view,370956
2015-06-01 15:42:42.711,294858,view,245879
2015-06-01 15:42:44.671,1221409,view,56763
2015-06-01 15:42:45.706,557378,view,250658
2015-06-01 15:43:14.376,551925,view,304719
2015-06-01 15:43:15.834,943524,view,392074
2015-06-01 15:43:57.084,404768,view,325256
2015-06-01 15:44:20.763,954429,view,170751
2015-06-01 15:44:25.433,1215130,view,235224
2015-06-01 15:44:49.649,69471,view,461301
2015-06-01 15:44:49.881,404768,view,421884
2015-06-01 15:44:59.307,284327,view,147965
2015-06-01 15:45:03.208,1326818,view,409655
2015-06-01 15:45:10.645,101700,view,100345
2015-06-01 15:45:12.893,40946,view,140141
2015-06-01 15:45:35.616,404768,view,263188
2015-06-01 15:45:39.824,1103186,view,257952
2015-06-01 15:45:41.749,565684,view,387488
2015-06-01 15:46:11.419,556273,view,29908
2015-06-01 15:46:22.607,332434,view,97932
2015-06-01 15:46:32.655,322407,view,202835
2015-06-01 15:47:08.668,769892,view,285729
2015-06-01 15:47:20.262,668436,view,193359
2015-06-01 15:47:38.460,325929,view,5440
2015-06-01 15:48:32.975,487643,view,29100
2015-06-01 15:48:48.239,672060,view,217268
2015-06-01 15:50:07.741,5129,view,67748
2015-06-01 15:50:11.856,769892,view,335041
2015-06-01 15:50:29.834,322407,view,337348
2015-06-01 15:50:55.105,96154,view,200270
2015-06-01 15:51:01.310,983661,view,394522
2015-06-01 15:51:10.189,759131,view,13021
2015-06-01 15:51:52.155,127547,view,270950
2015-06-01 15:52:18.045,322407,view,309403
2015-06-01 15:52:44.603,425170,view,37402
2015-06-01 15:52:47.525,1242001,view,387279
2015-06-01 15:52:57.945,259302,view,299256
2015-06-01 15:53:09.852,1403718,view,433165
2015-06-01 15:53:28.862,559000,view,313203
2015-06-01 15:54:01.266,294006,view,441185
2015-06-01 15:54:20.048,1041499,view,368503
2015-06-01 15:54:35.536,1221409,view,408404
2015-06-01 15:55:01.993,629501,view,275648
2015-06-01 15:55:03.718,924226,view,325978
2015-06-01 15:55:09.166,651718,view,51646
2015-06-01 15:55:22.649,425170,view,37402
2015-06-01 15:55:38.407,367820,view,43389
2015-06-01 15:56:28.395,1162854,addtocart,13031
2015-06-01 15:56:30.052,983661,view,394522
2015-06-01 15:57:14.860,1345880,addtocart,52888
2015-06-01 15:57:15.482,356857,view,448817
2015-06-01 15:57:45.621,1235292,view,240004
2015-06-01 15:58:29.393,161206,view,325256
2015-06-01 15:58:39.711,425170,view,398012
2015-06-01 15:59:01.347,189384,addtocart,310791
2015-06-01 15:59:02.129,446721,view,332628
2015-06-01 15:59:22.973,370699,view,360403
2015-06-01 15:59:47.932,312735,view,374841
2015-06-01 16:00:13.087,834101,view,429963
2015-06-01 16:00:23.344,1296338,view,147825
2015-06-01 16:00:30.018,1381613,view,60376
2015-06-01 16:01:07.797,1056912,view,110515
2015-06-01 16:01:17.016,1381613,view,41932
2015-06-01 16:01:22.157,232569,view,306256
2015-06-01 16:01:56.504,425170,view,228325
2015-06-01 16:01:58.180,189384,transaction,310791
2015-06-01 16:02:13.951,1311137,view,49803
2015-06-01 16:02:29.836,291812,view,348942
2015-06-01 16:02:40.982,229653,view,165816
2015-06-01 16:03:18.991,189384,view,299044
2015-06-01 16:03:23.266,693763,view,265482
2015-06-01 16:03:48.286,369530,view,94198
2015-06-01 16:03:54.926,273406,view,138114
2015-06-01 16:04:01.955,492165,view,38913
2015-06-01 16:04:18.922,901082,view,338130
2015-06-01 16:05:03.043,73449,view,374101
2015-06-01 16:05:18.167,406429,view,78978
2015-06-01 16:05:25.422,1033786,view,209619
2015-06-01 16:05:45.404,969254,view,59691
2015-06-01 16:05:59.285,740145,view,442683
2015-06-01 16:06:01.571,1215488,view,389545
2015-06-01 16:06:18.418,601744,view,384514
2015-06-01 16:07:03.118,104529,view,440373
2015-06-01 16:07:05.959,273406,addtocart,214912
2015-06-01 16:07:07.775,1093035,view,287356
2015-06-01 16:07:17.566,820159,view,80502
2015-06-01 16:07:17.702,1204552,view,179038
2015-06-01 16:07:30.679,14699,view,265166
2015-06-01 16:08:12.472,273406,addtocart,120098
2015-06-01 16:08:30.943,289199,view,36906
2015-06-01 16:08:36.114,1404317,view,99038
2015-06-01 16:08:39.240,189384,view,299044
2015-06-01 16:08:46.523,945706,view,121318
2015-06-01 16:09:02.184,1283529,view,207108
2015-06-01 16:09:26.863,1164301,view,93900
2015-06-01 16:09:34.537,350566,view,47457
2015-06-01 16:09:56.338,273406,view,261288
2015-06-01 16:10:03.803,673927,view,425647
2015-06-01 16:10:16.210,314189,view,138027
2015-06-01 16:10:17.711,234164,view,262917
2015-06-01 16:10:28.744,670171,view,429870
2015-06-01 16:11:23.670,433834,view,420578
2015-06-01 16:11:49.292,492165,view,191101
2015-06-01 16:11:57.985,562136,view,293687
2015-06-01 16:12:00.851,1109399,view,387691
2015-06-01 16:12:25.954,1275438,view,234162
2015-06-01 16:12:38.211,1351643,view,156993
2015-06-01 16:12:41.357,1053369,view,138273
2015-06-01 16:13:02.449,1053369,view,138273
2015-06-01 16:13:02.982,1037305,view,22471
2015-06-01 16:13:04.863,442414,view,71846
2015-06-01 16:13:06.893,1215544,view,182746
2015-06-01 16:13:44.614,835907,view,50467
2015-06-01 16:14:26.327,752647,view,360516
2015-06-01 16:14:29.636,12635,view,275269
2015-06-01 16:15:08.147,234164,view,70277
2015-06-01 16:15:20.420,1117221,view,320770
2015-06-01 16:15:28.543,759851,view,248816
2015-06-01 16:15:47.884,936437,view,144675
2015-06-01 16:16:00.916,234513,view,216695
2015-06-01 16:16:07.546,108118,view,157078
2015-06-01 16:16:11.191,1052536,view,428372
2015-06-01 16:16:35.350,581,view,388097
2015-06-01 16:16:48.906,189384,view,299044
2015-06-01 16:17:49.591,878815,view,355994
2015-06-01 16:17:49.834,1401694,view,303715
2015-06-01 16:17:54.508,1242777,view,430292
2015-06-01 16:18:04.641,878815,view,355994
2015-06-01 16:18:16.584,615793,view,355994
2015-06-01 16:18:25.192,113281,view,306513
2015-06-01 16:18:31.766,8736,view,24358
2015-06-01 16:18:37.360,273406,view,351798
2015-06-01 16:18:41.312,532258,view,157361
2015-06-01 16:19:06.693,615793,addtocart,355994
2015-06-01 16:19:18.171,352608,view,113646
2015-06-01 16:20:10.166,46719,view,340749
2015-06-01 16:20:17.490,1308748,view,122607
2015-06-01 16:20:18.422,390248,view,376911
2015-06-01 16:20:19.219,615793,view,306433
2015-06-01 16:20:25.341,1085369,view,267196
2015-06-01 16:20:29.346,343153,view,28100
2015-06-01 16:21:14.086,749276,view,61240
2015-06-01 16:21:25.211,749276,addtocart,61240
2015-06-01 16:21:39.239,647928,view,408649
2015-06-01 16:21:48.754,302896,view,257196
2015-06-01 16:22:21.824,343153,view,253615
2015-06-01 16:22:33.117,548480,view,41217
2015-06-01 16:22:37.803,886287,view,91452
2015-06-01 16:22:56.554,390248,view,327424
2015-06-01 16:23:53.085,216801,view,289984
2015-06-01 16:24:08.050,607793,view,168515
2015-06-01 16:24:14.695,216801,view,19629
2015-06-01 16:24:49.738,615793,view,319992
2015-06-01 16:24:55.575,138131,addtocart,430292
2015-06-01 16:25:05.485,1161163,view,383396
2015-06-01 16:25:12.537,912233,view,378673
2015-06-01 16:25:20.821,615793,view,460188
2015-06-01 16:25:43.200,596655,view,65889
2015-06-01 16:25:45.068,472533,view,12523
2015-06-01 16:26:03.370,485745,view,182642
2015-06-01 16:26:39.709,302896,view,111010
2015-06-01 16:26:56.314,835907,view,68892
2015-06-01 16:26:57.138,615793,view,319992
2015-06-01 16:27:07.191,820159,view,399053
2015-06-01 16:27:19.617,1134896,view,87824
2015-06-01 16:27:30.975,438659,view,4332
2015-06-01 16:27:34.009,1301339,view,209792
2015-06-01 16:27:43.071,343153,view,262159
2015-06-01 16:27:44.808,121134,view,93067
2015-06-01 16:27:56.757,1292420,addtocart,47352
2015-06-01 16:28:18.244,518659,view,426298
2015-06-01 16:28:38.071,1327144,view,139593
2015-06-01 16:28:41.274,343153,view,262159
2015-06-01 16:28:45.569,20903,view,101094
2015-06-01 16:28:51.188,800216,view,87824
2015-06-01 16:29:03.401,448855,view,256695
2015-06-01 16:29:32.191,322407,view,202835
2015-06-01 16:29:53.130,110339,view,10659
2015-06-01 16:30:23.373,83998,view,198251
2015-06-01 16:30:51.023,623884,view,5127
2015-06-01 16:31:36.108,350566,view,379520
2015-06-01 16:31:36.284,1080654,view,215413
2015-06-01 16:31:38.817,190277,view,225083
2015-06-01 16:31:46.262,294658,view,283550
2015-06-01 16:31:48.726,1192199,view,461765
2015-06-01 16:32:00.539,1235292,addtocart,240004
2015-06-01 16:32:53.044,383770,view,158507
2015-06-01 16:33:00.987,1071395,view,368231
2015-06-01 16:33:08.606,1161163,view,181527
2015-06-01 16:33:37.216,139579,view,188558
2015-06-01 16:33:49.280,809753,view,329693
2015-06-01 16:33:57.490,499677,view,30513
2015-06-01 16:34:11.051,632561,view,243336
2015-06-01 16:34:19.513,278983,view,75873
2015-06-01 16:34:33.625,35692,view,172063
2015-06-01 16:34:48.803,777696,view,158829
2015-06-01 16:34:54.651,434006,view,100307
2015-06-01 16:34:59.968,809753,view,153280
2015-06-01 16:35:02.466,1208311,view,375239
2015-06-01 16:35:39.371,503578,view,45121
2015-06-01 16:36:14.575,1324247,view,391131
2015-06-01 16:36:17.400,76370,view,356236
2015-06-01 16:36:23.251,312216,view,82452
2015-06-01 16:36:25.722,995781,view,415437
2015-06-01 16:36:27.177,1080654,view,300629
2015-06-01 16:36:30.113,1256558,view,361103
2015-06-01 16:36:49.819,809753,view,153280
2015-06-01 16:36:58.921,18581,view,187530
2015-06-01 16:37:12.267,262510,view,58961
2015-06-01 16:37:20.051,409254,view,276245
2015-06-01 16:38:56.375,102019,transaction,150318
2015-06-01 16:39:13.187,315969,view,95426
2015-06-01 16:39:23.417,34648,view,281211
2015-06-01 16:39:30.383,451946,view,459475
2015-06-01 16:39:37.974,1321540,view,91249
2015-06-01 16:39:38.262,485547,view,205347
2015-06-01 16:39:41.582,938537,view,257773
2015-06-01 18:15:53.006,1319300,view,63668
2015-06-01 18:16:31.447,973299,view,277264
2015-06-01 18:16:53.050,778052,view,234865
2015-06-01 18:21:30.869,815279,view,12489
2015-06-01 18:21:35.812,326157,view,88402
2015-06-01 18:21:39.272,801815,view,365425
2015-06-01 18:21:41.002,350566,view,299044
2015-06-01 18:21:43.229,1083852,view,82174
2015-06-01 18:21:52.334,826578,view,96776
2015-06-01 18:21:54.051,130434,view,284600
2015-06-01 18:21:56.416,1337946,view,183087
2015-06-01 18:22:03.465,1210904,view,381265
2015-06-01 18:22:09.093,728227,view,240909
2015-06-01 20:44:37.403,421206,view,38006
2015-06-01 20:45:23.072,229335,view,222613
2015-06-01 20:45:26.588,9289,view,315393
2015-06-01 20:45:44.655,971845,view,251813
2015-06-01 20:45:48.267,742458,view,250212
2015-06-01 20:45:54.639,421206,view,392392
2015-06-01 20:46:24.678,850173,view,243470
2015-06-01 20:46:38.362,721927,view,59467
2015-06-01 20:46:56.183,260599,view,86238
2015-06-01 20:47:16.446,351150,view,246110
2015-06-01 20:47:57.505,889022,view,395153
2015-06-01 20:48:09.644,980257,view,337431
2015-06-01 20:48:11.541,178282,view,449010
2015-06-01 20:48:31.059,409263,view,360173
2015-06-01 20:48:33.959,808813,view,67486
2015-06-01 20:48:49.853,118343,view,462945
2015-06-01 20:48:54.910,991664,view,62312
2015-06-01 20:48:59.062,1242160,view,267535
2015-06-01 20:49:11.657,1349893,view,356320
2015-06-01 20:49:20.912,178376,view,189563
2015-06-01 20:49:25.098,15613,view,89737
2015-06-01 20:49:34.514,612769,view,343537
2015-06-01 20:49:40.678,588923,view,218505
2015-06-01 20:49:47.095,333162,view,434278
2015-06-01 20:49:48.633,1340085,view,159835
2015-06-01 20:49:53.118,15613,view,237422
2015-06-01 20:50:26.171,850173,view,85940
2015-06-01 20:50:42.944,832459,view,458265
2015-06-01 20:50:51.912,1256332,view,165035
2015-06-01 20:51:06.286,286616,view,243470
2015-06-01 20:52:01.208,158096,view,154413
2015-06-01 20:52:28.760,832459,view,281657
2015-06-01 20:52:38.331,1332255,view,94488
2015-06-01 20:53:10.038,481837,view,247307
2015-06-01 20:53:30.489,1312385,view,337358
2015-06-01 20:53:35.852,422998,view,99496
2015-06-01 20:53:38.538,588923,view,196038
2015-06-01 20:53:44.594,753508,view,20785
2015-06-01 20:54:01.936,672744,view,318333
2015-06-01 20:54:02.501,1273449,view,277613
2015-06-01 20:54:27.753,121688,view,282803
2015-06-01 20:54:38.186,1375369,view,139936
2015-06-01 20:55:07.830,350566,view,458265
2015-06-01 20:55:13.953,623748,view,305760
2015-06-01 20:55:44.515,733007,view,188148
2015-06-01 20:55:45.627,303145,view,32971
2015-06-01 20:55:57.800,159104,view,463379
2015-06-01 20:56:22.037,179335,view,262107
2015-06-01 20:56:22.241,605852,view,80435
2015-06-01 20:56:42.594,425516,view,466472
2015-06-01 20:56:58.717,789827,view,102229
2015-06-01 20:57:11.907,1358943,view,233770
2015-06-01 20:57:39.223,1044315,view,325262
2015-06-01 20:57:40.061,1209307,view,123882
2015-06-01 20:57:46.935,109429,view,254477
2015-06-01 20:57:47.220,1081792,view,135251
2015-06-01 20:58:02.889,945697,view,96924
2015-06-01 20:58:31.349,1195252,view,358130
2015-06-01 20:58:41.718,752818,view,43391
2015-06-01 20:59:04.441,676969,view,276704
2015-06-01 20:59:13.698,158096,view,295785
2015-06-01 20:59:21.649,880180,view,58729
2015-06-01 20:59:47.024,766230,view,286065
2015-06-01 20:59:48.905,98881,view,24477
2015-06-01 21:00:01.521,457237,view,234185
2015-06-01 21:00:13.684,186920,view,248175
2015-06-01 21:00:17.799,738984,view,61847
2015-06-01 21:00:25.487,940454,view,383336
2015-06-01 21:00:39.485,1323322,view,227470
2015-06-01 21:00:56.634,748891,view,176162
2015-06-01 21:01:35.279,1047271,view,105334
2015-06-01 21:01:46.380,1004326,view,432925
2015-06-01 21:01:59.806,886864,view,76196
2015-06-01 21:02:45.867,536514,view,80299
2015-06-01 21:02:50.930,944943,view,426007
2015-06-01 21:03:04.970,951557,view,138439
2015-06-01 21:03:36.589,178721,view,49347
2015-06-01 21:03:44.693,160807,view,280375
2015-06-01 21:03:55.883,1318763,view,379744
2015-06-01 21:04:11.984,511064,view,354042
2015-06-01 21:04:26.341,160807,view,391289
2015-06-01 21:04:31.854,1246148,view,58194
2015-06-01 21:04:53.894,1057088,view,334432
2015-06-01 21:04:55.054,1377315,view,428952
2015-06-01 21:05:15.740,778817,view,184370
2015-06-01 21:05:20.617,294125,view,428825
2015-06-01 21:05:33.238,1246148,view,58194
2015-06-01 21:05:47.163,1057088,view,147551
2015-06-01 21:05:50.383,1057088,view,334432
2015-06-01 21:06:15.770,227368,view,108638
2015-06-01 21:06:47.066,249113,view,295785
2015-06-01 21:06:52.552,544163,view,174955
2015-06-01 21:07:29.374,292205,view,102229
2015-06-01 21:07:46.366,290549,view,72611
2015-06-01 21:08:12.426,32389,view,98728
2015-06-01 21:08:21.157,950703,view,198620
2015-06-01 21:08:36.241,251908,view,212837
2015-06-01 21:08:58.939,1242160,view,385376
2015-06-01 21:09:19.427,317642,view,58869
2015-06-01 21:09:34.675,1141573,view,203877
2015-06-01 21:09:35.894,611473,view,455006
2015-06-01 21:09:41.610,1113676,view,350629
2015-06-01 21:09:57.501,1143402,view,272446
2015-06-01 21:10:03.719,855825,view,460643
2015-06-01 21:10:24.992,249113,view,425726
2015-06-01 21:10:32.159,639964,view,360258
2015-06-01 21:10:43.397,344176,view,95655
2015-06-01 21:10:49.912,447658,view,302303
2015-06-01 21:11:13.246,323192,view,185935
2015-06-01 21:11:20.618,824778,view,285173
2015-06-01 21:11:27.443,1099154,view,50467
2015-06-01 21:11:29.034,1016655,view,122873
2015-06-01 21:11:40.279,1017556,view,84160
2015-06-01 21:11:58.330,173287,view,35742
2015-06-01 21:12:05.438,157954,view,143486
2015-06-01 21:12:11.854,1102723,view,280375
2015-06-01 21:12:12.535,1134473,view,396045
2015-06-01 21:12:41.124,473837,view,416987
2015-06-01 21:12:42.715,1055125,view,263153
2015-06-01 21:12:44.579,249113,view,181673
2015-06-01 21:12:55.924,115713,view,433059
2015-06-01 21:12:56.627,216062,view,302948
2015-06-01 21:13:16.949,11598,view,62549
2015-06-01 21:13:27.640,628886,view,105274
2015-06-01 21:13:52.883,179239,view,183238
2015-06-01 21:14:06.662,214589,view,267010
2015-06-01 21:14:32.942,859718,view,379264
2015-06-01 21:14:54.827,355079,view,444951
2015-06-01 21:15:12.720,861030,view,59866
2015-06-01 21:15:23.906,1055632,view,316753
2015-06-01 21:15:41.196,219304,view,374673
2015-06-01 21:15:51.267,672710,view,77173
2015-06-01 21:16:02.097,672710,view,161346
2015-06-01 21:16:23.427,550788,view,440180
2015-06-01 21:16:50.479,119444,view,78163
2015-06-01 21:16:54.949,663314,view,47139
2015-06-01 21:17:08.621,1141573,view,395596
2015-06-01 21:17:43.474,1317317,view,14159
2015-06-01 21:17:57.485,948586,view,164109
2015-06-01 21:18:10.116,668712,view,291770
2015-06-01 21:18:13.124,1317249,view,204070
2015-06-01 21:18:20.981,121688,transaction,15335
2015-06-01 21:18:38.184,768855,view,316444
2015-06-01 21:18:46.308,765834,view,179601
2015-06-01 21:18:46.932,127337,view,375492
2015-06-01 21:18:49.619,1123910,view,189429
2015-06-01 21:18:55.063,115171,view,356283
2015-06-01 21:18:55.886,820159,view,369447
2015-06-01 21:19:01.168,273406,view,36683
2015-06-01 21:19:14.368,385457,view,456627
2015-06-01 21:19:41.950,198036,view,337335
2015-06-01 21:19:55.554,927479,view,201940
2015-06-01 21:20:11.299,286616,view,371590
2015-06-01 21:20:14.579,948586,view,402236
2015-06-01 21:20:16.260,1404060,view,320970
2015-06-01 21:20:34.926,820159,view,268881
2015-06-01 21:20:54.708,1159635,view,168527
2015-06-01 21:21:43.544,820159,view,261793
2015-06-01 21:22:04.968,1136722,view,298056
2015-06-01 21:22:28.486,463621,view,257040
2015-06-01 21:22:40.835,463561,view,451967
2015-06-01 21:23:05.460,1102703,view,103405
2015-06-01 21:23:09.881,1141573,view,233263
2015-06-01 21:23:16.802,1294366,view,204785
2015-06-01 21:23:18.367,463621,view,372845
2015-06-01 21:23:19.250,986452,view,429607
2015-06-01 21:23:20.251,1054451,view,276105
2015-06-01 21:23:29.956,924087,view,412404
2015-06-01 21:23:53.507,486646,view,306260
2015-06-01 21:24:08.420,812748,view,14671
2015-06-01 21:24:20.039,1173577,view,106874
2015-06-01 21:24:20.477,804607,view,459761
2015-06-01 21:24:30.077,1104441,view,55799
2015-06-01 21:24:32.161,1294366,view,106279
2015-06-01 21:24:33.160,812748,view,431148
2015-06-01 21:24:37.348,73449,view,54008
2015-06-01 21:24:41.704,320454,view,441953
2015-06-01 21:24:44.216,983709,view,198209
2015-06-01 21:24:47.272,1046168,view,86238
2015-06-01 21:25:15.008,552148,transaction,81345
2015-06-01 21:25:27.030,416876,view,350766
2015-06-01 21:25:48.993,690053,view,421615
2015-06-01 21:26:19.951,1328894,view,43101
2015-06-01 21:26:30.704,85734,view,331725
2015-06-01 21:26:32.715,820159,view,281211
2015-06-01 21:26:34.575,968797,view,407343
2015-06-01 21:26:45.239,350566,view,462394
2015-06-01 21:26:50.662,95902,view,298598
2015-06-01 21:27:06.467,923376,view,385769
2015-06-01 21:27:13.035,1139541,view,364043
2015-06-01 21:27:25.795,110877,view,336855
2015-06-01 21:27:33.638,1211545,view,107853
2015-06-01 21:27:40.639,79247,view,458894
2015-06-01 21:27:53.557,757620,view,397995
2015-06-01 21:28:14.518,1149807,view,141703
2015-06-01 21:28:20.127,1163398,view,462203
2015-06-01 21:28:59.564,777066,view,125810
2015-06-01 21:29:19.263,1046017,view,444848
2015-06-01 21:29:37.067,1185234,view,154912
2015-06-01 21:29:42.025,420571,view,241752
2015-06-01 21:30:22.728,418972,view,174172
2015-06-01 21:30:25.641,216332,view,65426
2015-06-01 21:30:37.764,227335,view,443967
2015-06-01 21:30:39.109,1075043,view,178496
2015-06-01 21:30:59.639,85734,view,264801
2015-06-01 21:31:01.247,536068,view,91607
2015-06-01 21:31:20.384,1395006,view,56352
2015-06-01 21:31:20.594,7684,view,253615
2015-06-01 21:31:28.004,1207572,view,19003
2015-06-01 21:31:31.005,393390,view,465522
2015-06-01 21:31:43.032,292025,view,63184
2015-06-01 21:32:30.258,610183,view,436461
2015-06-01 21:32:31.839,1065157,view,197980
2015-06-01 21:32:52.591,609410,view,207825
2015-06-01 21:32:57.032,371220,view,161478
2015-06-01 21:33:23.266,606967,view,192832
2015-06-01 21:33:28.687,937632,view,260581
2015-06-01 21:33:47.881,553917,view,93001
2015-06-01 21:33:59.583,435847,view,2263
2015-06-01 21:34:13.729,610183,view,396238
2015-06-01 21:34:30.209,1343346,view,20192
2015-06-01 21:34:33.728,998406,view,33638
2015-06-01 21:34:41.906,1188336,view,216095
2015-06-01 21:34:58.623,85734,view,122834
2015-06-01 21:35:02.406,1185234,view,62746
2015-06-01 21:35:04.129,1323080,view,71957
2015-06-01 21:35:11.438,1202062,view,59776
2015-06-01 21:35:16.775,131086,view,402110
2015-06-01 21:35:31.464,192487,view,170751
2015-06-01 21:35:45.727,648957,view,121453
2015-06-01 21:35:50.349,553696,view,265505
2015-06-01 21:36:18.342,939182,view,140861
2015-06-01 21:36:20.641,209390,view,67487
2015-06-01 21:36:39.642,413869,view,232858
2015-06-01 21:36:39.663,1313440,view,347937
2015-06-01 21:36:47.083,939182,view,48743
2015-06-01 21:36:53.963,547051,view,184199
2015-06-01 21:37:11.205,949171,view,76617
2015-06-01 21:37:35.137,1291089,view,88318
2015-06-01 21:37:55.112,1354316,view,215767
2015-06-01 21:37:59.579,138565,view,140861
2015-06-01 21:38:00.008,1015518,view,24291
2015-06-01 21:38:16.771,1314862,view,344224
2015-06-01 21:38:21.554,539910,view,385201
2015-06-01 21:38:21.874,1282331,view,65188
2015-06-01 21:38:36.107,298291,view,24608
2015-06-01 21:38:59.377,256542,view,336552
2015-06-01 21:39:05.128,883403,view,199810
2015-06-01 21:39:15.794,1370178,view,333560
2015-06-01 21:39:28.852,110929,view,377474
2015-06-01 21:39:32.089,1370178,view,253175
2015-06-01 21:39:32.167,330834,view,134118
2015-06-01 21:39:52.189,24769,view,55364
2015-06-01 21:40:02.752,660365,view,449646
2015-06-01 21:40:22.821,1222188,view,403716
2015-06-01 21:40:24.136,949171,view,150217
2015-06-01 21:40:33.684,800587,view,29100
2015-06-01 21:40:44.501,192487,view,153935
2015-06-01 21:40:46.767,38015,view,137633
2015-06-01 21:41:04.488,7173,view,14974
2015-06-01 21:41:30.697,803159,view,197245
2015-06-01 21:41:33.874,679474,view,368057
2015-06-01 21:41:45.177,679474,view,83791
2015-06-01 21:41:54.324,1322055,view,308985
2015-06-01 21:42:00.972,192487,view,170751
2015-06-01 21:42:15.948,266069,view,319910
2015-06-01 21:42:49.716,196602,addtocart,63312
2015-06-01 21:43:03.676,1322055,view,308985
2015-06-01 21:43:23.616,1093035,view,444979
2015-06-02 03:42:38.478,874763,view,200537
2015-06-02 03:42:39.709,777089,view,221329
2015-06-02 03:42:54.429,1404060,view,272446
2015-06-02 03:43:52.259,874763,view,268081
2015-06-02 03:44:23.444,318122,view,6266
2015-06-02 03:44:46.718,390730,view,181576
2015-06-02 03:44:49.370,778866,view,281958
2015-06-02 03:45:06.043,874763,view,229257
2015-06-02 03:45:33.465,248698,view,94952
2015-06-02 03:45:35.395,772309,addtocart,72422
2015-06-02 03:45:58.745,97140,view,323280
2015-06-02 03:46:15.435,1081632,view,87575
2015-06-02 03:46:27.971,44558,view,262138
2015-06-02 03:46:32.965,1154250,view,367790
2015-06-02 03:47:56.714,1205474,view,123986
2015-06-02 03:48:04.780,450932,view,435713
2015-06-02 03:48:06.935,703707,view,330649
2015-06-02 03:48:28.582,1042749,view,172967
2015-06-02 03:48:56.981,772309,view,34435
2015-06-02 03:49:03.226,223779,view,463941
2015-06-02 03:49:21.517,75384,view,418572
2015-06-02 03:49:30.132,197249,view,59477
2015-06-02 03:49:46.389,568374,view,79368
2015-06-02 03:50:24.543,132842,view,279690
2015-06-02 03:50:38.414,680829,view,188698
2015-06-02 03:51:15.114,542333,view,199952
2015-06-02 03:51:36.768,722736,view,167587
2015-06-02 03:51:52.577,796623,view,227628
2015-06-02 03:52:22.716,169835,view,159603
2015-06-02 03:52:28.447,726049,view,463238
2015-06-02 03:52:42.685,932927,view,273743
2015-06-02 03:52:53.197,1030058,view,183178
2015-06-02 03:53:01.141,1266913,view,380913
2015-06-02 03:53:20.405,114473,view,32057
2015-06-02 03:54:02.577,796623,view,227628
2015-06-02 03:54:17.455,53588,view,463280
2015-06-02 03:54:33.969,914970,view,326449
2015-06-02 03:55:01.087,183568,view,335913
2015-06-02 03:55:25.353,1025745,view,464731
2015-06-02 03:56:05.713,1140937,view,160259
2015-06-02 03:56:23.269,37840,view,297513
2015-06-02 03:56:50.543,1230877,view,60918
2015-06-02 03:57:05.844,46497,view,337262
2015-06-02 03:57:16.637,960480,view,393134
2015-06-02 03:57:23.929,37840,view,297513
2015-06-02 03:57:25.797,901046,view,197968
2015-06-02 03:58:19.518,662168,view,184628
2015-06-02 03:58:37.350,65083,view,134353
2015-06-02 03:58:42.763,520695,view,273743
2015-06-02 03:59:02.961,573280,view,212918
2015-06-02 03:59:03.958,322679,view,352247
2015-06-02 03:59:45.094,1092695,addtocart,38796
2015-06-02 04:00:09.840,663067,view,167271
2015-06-02 04:00:12.201,591350,view,253615
2015-06-02 04:00:21.937,239740,addtocart,367667
2015-06-02 04:00:32.756,192682,view,311303
2015-06-02 04:00:39.876,310248,view,172340
2015-06-02 04:00:50.552,194340,view,162243
2015-06-02 04:01:08.704,1299250,view,422948
2015-06-02 04:01:21.432,1353620,view,247061
2015-06-02 04:01:39.400,674436,view,207581
2015-06-02 04:01:55.982,260791,view,323381
2015-06-02 04:02:07.423,1360339,view,381653
2015-06-02 04:02:32.051,1042749,view,172967
2015-06-02 04:02:45.656,596533,view,56153
2015-06-02 04:02:46.975,1203684,view,53779
2015-06-02 04:02:58.643,481406,view,347013
2015-06-02 04:03:30.130,662168,view,122604
2015-06-02 04:03:37.997,255540,view,50048
2015-06-02 04:03:50.558,868786,view,325353
2015-06-02 04:04:02.534,997107,view,253353
2015-06-02 04:04:23.765,1203684,view,80953
2015-06-02 04:04:24.610,960480,view,165348
2015-06-02 04:04:44.313,154348,view,273940
2015-06-02 04:04:45.963,594902,view,64521
2015-06-02 04:05:11.121,1203684,addtocart,80953
2015-06-02 04:05:51.982,680960,view,305786
2015-06-02 04:06:06.859,114471,view,44054
2015-06-02 04:06:21.477,1154250,view,367790
2015-06-02 04:06:23.563,328935,view,48072
2015-06-02 04:06:31.330,407935,view,103076
2015-06-02 04:06:51.420,1299250,view,422948
2015-06-02 04:07:20.381,1373937,view,242567
2015-06-02 04:07:36.322,519449,view,277651
2015-06-02 04:07:49.667,251041,view,393742
2015-06-02 04:07:52.646,1132688,view,440128
2015-06-02 04:07:58.654,397995,view,229204
2015-06-02 04:08:07.643,169835,view,14858
2015-06-02 04:08:19.933,483962,view,35881
2015-06-02 04:08:23.662,1120751,view,375588
2015-06-02 04:08:28.716,494732,view,137440
2015-06-02 04:08:29.710,1121229,view,370889
2015-06-02 04:08:44.231,995986,view,94099
2015-06-02 04:09:08.039,472949,view,310353
2015-06-02 04:09:08.197,388217,view,170599
2015-06-02 04:09:08.829,103440,view,349737
2015-06-02 04:09:14.553,1041483,view,89977
2015-06-02 04:09:43.398,879797,view,427923
2015-06-02 04:10:03.419,907809,view,57284
2015-06-02 04:10:10.261,1137999,view,156094
2015-06-02 04:10:13.174,936361,view,315545
2015-06-02 04:10:31.292,936361,view,246634
2015-06-02 04:10:38.410,1087049,view,30024
2015-06-02 04:12:24.824,1203692,view,220530
2015-06-02 04:12:33.931,1092695,addtocart,383488
2015-06-02 04:12:37.871,244974,view,328901
2015-06-02 04:12:53.724,236181,view,67182
2015-06-02 04:12:55.150,1218306,view,171959
2015-06-02 04:13:08.645,926210,view,290839
2015-06-02 04:13:47.136,571258,addtocart,50329
2015-06-02 04:13:53.694,662168,view,184628
2015-06-02 04:14:05.073,164576,view,69408
2015-06-02 04:14:09.342,662168,view,37029
2015-06-02 04:15:01.026,535937,view,206925
2015-06-02 04:15:41.046,517546,view,97750
2015-06-02 04:16:29.241,363915,view,260256
2015-06-02 04:16:32.636,332961,view,464409
2015-06-02 04:16:48.582,992272,view,50814
2015-06-02 04:17:16.795,776534,view,20388
2015-06-02 04:17:34.430,788592,view,91755
2015-06-02 04:17:36.157,443049,view,242521
2015-06-02 04:17:36.883,776534,view,20388
2015-06-02 04:17:37.204,624593,view,437293
2015-06-02 04:17:42.538,1238871,view,51561
2015-06-02 04:17:50.607,745693,view,412297
2015-06-02 04:18:00.765,1088319,view,93144
2015-06-02 04:18:12.951,676904,view,37583
2015-06-02 04:18:45.824,98643,view,420960
2015-06-02 04:18:54.507,833956,view,235224
2015-06-02 04:18:58.635,1120239,view,379752
2015-06-02 04:19:01.422,1194444,view,231243
2015-06-02 04:19:03.111,1353254,view,420056
2015-06-02 04:19:06.802,98643,view,420960
2015-06-02 04:19:17.551,168685,addtocart,111530
2015-06-02 04:19:17.893,734678,view,162345
2015-06-02 04:19:21.995,1238871,view,51561
2015-06-02 04:19:22.620,332961,view,19572
2015-06-02 04:19:27.984,1058384,view,257040
2015-06-02 04:19:32.485,232712,view,336393
2015-06-02 04:19:47.846,791370,view,302946
2015-06-02 04:19:59.177,1179330,view,319506
2015-06-02 04:20:07.424,741671,view,443875
2015-06-02 04:20:15.612,572783,view,73593
2015-06-02 04:20:20.997,1398678,view,184585
2015-06-02 04:20:32.625,1238871,view,51561
2015-06-02 04:20:33.204,719855,view,303055
2015-06-02 04:20:48.002,1038306,view,49810
2015-06-02 04:20:55.073,55270,view,259487
2015-06-02 04:20:56.734,375514,view,374363
2015-06-02 04:21:02.643,343908,view,105720
2015-06-02 04:21:16.080,834802,view,115525
2015-06-02 04:21:28.272,1238871,view,51561
2015-06-02 04:21:35.433,208110,view,199484
2015-06-02 04:21:49.515,697865,view,343878
2015-06-02 04:21:53.971,524378,view,417276
2015-06-02 04:21:58.777,1154250,view,362851
2015-06-02 04:22:01.396,572783,view,328696
2015-06-02 04:22:21.216,159298,view,354676
2015-06-02 04:22:38.175,1154250,view,116794
2015-06-02 04:23:25.687,1324075,view,367975
2015-06-02 04:23:52.738,992115,view,182099
2015-06-02 04:24:12.619,745798,view,179849
2015-06-02 04:24:50.552,322142,view,311052
2015-06-02 04:25:19.335,663787,view,219936
2015-06-02 04:26:01.045,1317096,view,152085
2015-06-02 04:26:09.319,991242,view,318871
2015-06-02 04:26:19.174,304146,view,42002
2015-06-02 04:26:29.080,288847,view,398379
2015-06-02 04:27:11.513,152407,view,89675
2015-06-02 04:27:50.717,1039327,view,105878
2015-06-02 04:28:02.166,1331854,view,288171
2015-06-02 04:28:30.084,1317267,view,439537
2015-06-02 04:30:13.350,255540,view,347657
2015-06-02 04:31:07.746,246753,view,284941
2015-06-02 04:31:32.276,1270927,view,278679
2015-06-02 04:31:39.096,835743,view,67438
2015-06-02 04:32:46.491,255540,view,310590
2015-06-02 04:33:15.257,1044444,view,351825
2015-06-02 04:33:31.486,841219,view,80700
2015-06-02 04:33:40.129,468850,view,179601
2015-06-02 04:33:53.772,915735,view,162932
2015-06-02 04:34:01.357,5925,view,291413
2015-06-02 04:34:26.502,807025,view,437302
2015-06-02 04:34:59.169,987208,view,356837
2015-06-02 04:35:03.308,875630,view,186352
2015-06-02 04:35:47.960,841219,view,72011
2015-06-02 04:36:18.202,976562,view,44220
2015-06-02 04:36:25.580,369776,view,198798
2015-06-02 04:36:58.498,495280,view,387660
2015-06-02 04:37:49.744,1756,view,296448
2015-06-02 04:38:26.599,306088,view,281442
2015-06-02 04:39:19.283,712443,view,346655
2015-06-02 04:39:39.247,49552,view,137174
2015-06-02 04:39:52.412,1040932,view,212956
2015-06-02 04:40:21.147,1402924,view,315543
2015-06-02 04:40:42.944,50634,view,400577
2015-06-02 04:40:46.418,1218450,view,424976
2015-06-02 04:40:49.612,113274,view,380511
2015-06-02 04:40:51.727,492414,view,8501
2015-06-02 04:40:57.774,498467,view,57165
2015-06-02 04:41:56.635,1026160,view,197005
2015-06-02 04:42:21.392,1394724,view,291689
2015-06-02 04:42:32.367,1187942,view,161026
2015-06-02 04:42:59.464,769795,view,438182
2015-06-02 04:43:00.667,922016,view,326799
2015-06-02 04:43:04.421,626205,view,226127
2015-06-02 04:43:25.709,493360,view,422822
2015-06-02 04:43:28.728,670253,view,390232
2015-06-02 04:43:47.943,1248118,view,459109
2015-06-02 04:44:02.328,821184,view,399728
2015-06-02 04:44:05.031,333827,view,335975
2015-06-02 04:44:14.274,56229,addtocart,115244
2015-06-02 04:44:44.481,285091,view,218541
2015-06-02 04:45:58.346,285091,view,450414
2015-06-02 04:47:08.311,328465,view,452210
2015-06-02 04:47:50.032,114598,view,179683
2015-06-02 04:47:53.682,644296,view,203679
2015-06-02 04:47:59.052,868445,view,156108
2015-06-02 04:48:07.573,591033,view,460188
2015-06-02 04:48:21.536,179196,view,466501
2015-06-02 04:48:43.541,123428,view,1981
2015-06-02 04:48:44.296,1008863,view,459186
2015-06-02 04:49:02.028,123428,view,151839
2015-06-02 04:49:52.120,264879,view,115586
2015-06-02 04:49:58.812,712443,view,431322
2015-06-02 04:50:11.952,1398678,view,161688
2015-06-02 04:50:14.148,328465,view,452210
2015-06-02 04:50:15.340,1046034,view,379002
2015-06-02 04:51:07.123,580269,view,62866
2015-06-02 04:51:13.811,774019,view,76734
2015-06-02 04:51:30.974,712443,view,431322
2015-06-02 04:52:21.688,1141279,view,442837
2015-06-02 04:52:43.474,992115,view,182099
2015-06-02 04:52:52.624,257432,view,239604
2015-06-02 04:52:52.884,264879,view,115586
2015-06-02 04:53:22.151,479753,view,139068
2015-06-02 04:53:33.104,1141279,view,133415
2015-06-02 04:53:54.470,994896,view,10572
2015-06-02 04:54:08.630,467124,view,396318
2015-06-02 04:54:15.897,824915,view,292760
2015-06-02 04:54:20.483,989491,view,389118
2015-06-02 04:54:32.479,736627,view,98498
2015-06-02 04:54:40.956,105775,addtocart,312728
2015-06-02 04:54:57.977,1217827,view,203231
2015-06-02 04:54:59.221,824915,view,428805
2015-06-02 04:55:08.194,824915,view,25427
2015-06-02 04:55:12.321,390868,view,432330
2015-06-02 04:55:44.616,179437,view,335975
2015-06-02 04:56:05.740,132864,view,386146
2015-06-02 04:56:06.569,424164,view,397256
2015-06-02 04:56:58.375,487887,view,345560
2015-06-02 04:57:18.433,1100013,view,40596
2015-06-02 04:57:31.265,233317,view,75994
2015-06-02 04:57:58.505,158090,addtocart,10572
2015-06-02 04:58:07.074,794013,view,51354
2015-06-02 04:58:12.368,685949,view,395002
2015-06-02 04:58:27.378,357556,view,13091
2015-06-02 04:58:28.142,911380,view,28540
2015-06-02 04:58:43.646,1076270,view,269430
2015-06-02 04:58:55.245,320957,view,102131
2015-06-02 04:58:58.230,97140,view,328025
2015-06-02 04:58:59.773,97140,view,257675
2015-06-02 04:59:09.711,721839,view,391289
2015-06-02 04:59:12.282,526166,view,332761
2015-06-02 04:59:29.402,180680,view,456784
2015-06-02 04:59:32.079,591038,view,367500
2015-06-02 05:00:04.592,339335,view,82389
2015-06-02 05:00:29.122,1004326,view,432925
2015-06-02 05:00:37.091,233317,view,75994
2015-06-02 05:01:14.809,1213673,view,343861
2015-06-02 05:01:15.206,864246,view,36642
2015-06-02 05:02:12.117,257597,view,355908
2015-06-02 05:02:17.106,951259,view,367447
2015-06-02 05:02:53.311,781127,view,21989
2015-06-02 05:02:57.547,1153198,view,388242
2015-06-02 05:03:00.636,849453,view,123990
2015-06-02 05:03:31.595,1219180,view,422768
2015-06-02 05:03:42.147,1153198,view,357579
2015-06-02 05:04:28.563,881338,view,24431
2015-06-02 05:05:12.084,1124962,view,213464
2015-06-02 05:05:12.427,1402325,view,20889
2015-06-02 05:05:23.348,1118731,view,350689
2015-06-02 05:05:25.635,952604,view,466861
2015-06-02 05:05:26.354,849453,view,423120
2015-06-02 05:05:58.611,1386874,view,261320
2015-06-02 05:06:25.010,1153198,view,388242
2015-06-02 05:07:02.167,1342963,view,306886
2015-06-02 05:07:30.063,589997,view,110122
2015-06-02 05:08:06.200,1249248,view,422425
2015-06-02 05:08:09.977,456697,view,398579
2015-06-02 05:08:10.620,126887,view,413990
2015-06-02 05:08:21.252,929206,view,410676
2015-06-02 05:08:38.235,1316756,view,303619
2015-06-02 05:08:44.640,448895,view,322930
2015-06-02 05:09:00.333,712443,view,346655
2015-06-02 05:09:36.140,1254314,view,202373
2015-06-02 05:10:35.749,346219,view,37945
2015-06-02 05:10:46.073,870742,view,234255
2015-06-02 05:12:03.240,810725,view,443030
2015-06-02 05:12:21.632,599528,addtocart,356475
2015-06-02 05:12:35.914,483717,view,253185
2015-06-02 05:12:54.779,870742,view,456005
2015-06-02 05:13:18.234,265788,view,10620
2015-06-02 05:13:19.827,111016,view,318965
2015-06-02 05:13:32.357,266709,view,190545
2015-06-02 05:13:51.235,1219627,view,292444
2015-06-02 05:14:06.974,428642,view,359747
2015-06-02 05:14:17.888,125625,view,25071
2015-06-02 05:14:48.855,398762,view,21886
2015-06-02 05:15:03.817,1096028,view,337686
2015-06-02 05:15:34.037,597724,view,134264
2015-06-02 05:15:43.427,1130165,view,45337
2015-06-02 05:15:47.345,1076270,view,262799
2015-06-02 05:16:02.373,176446,view,10572
2015-06-02 05:16:21.172,1229852,view,389644
2015-06-02 05:17:56.276,599528,transaction,356475
2015-06-02 05:18:11.999,428642,view,7438
2015-06-02 05:19:01.342,497111,view,367617
2015-06-02 05:19:25.385,975530,view,55555
2015-06-02 05:19:26.959,238317,view,348196
2015-06-02 05:20:09.338,506289,view,131383
2015-06-02 05:20:24.790,1059530,view,302509
2015-06-02 05:20:38.241,1061147,view,280893
2015-06-02 05:21:22.735,208393,view,268266
2015-06-02 05:21:32.114,231733,view,324624
2015-06-02 05:21:40.605,122629,view,256368
2015-06-02 05:22:11.378,57036,view,334662
2015-06-02 05:22:41.588,1143908,view,417464
2015-06-02 05:22:51.026,293285,view,288868
2015-06-02 05:23:15.153,1341619,view,77884
2015-06-02 05:23:25.362,326029,view,455763
2015-06-02 05:23:43.158,402205,view,46130
2015-06-02 05:24:06.781,529601,view,161166
2015-06-02 05:25:19.578,1107507,view,444338
2015-06-02 05:25:21.345,1384997,view,134458
2015-06-02 05:26:12.343,301980,view,288280
2015-06-02 05:26:30.079,75249,view,283146
2015-06-02 05:26:33.547,761633,view,432152
2015-06-02 05:27:00.149,1304277,view,341548
2015-06-02 05:27:04.444,930371,view,160161
2015-06-02 05:27:40.128,428642,view,190172
2015-06-02 05:27:56.482,8287,view,459752
2015-06-02 05:27:57.292,432824,view,221347
2015-06-02 05:28:14.011,248805,view,347194
2015-06-02 05:28:17.013,492414,view,279976
2015-06-02 05:28:50.873,428642,view,167337
2015-06-02 05:29:02.281,1269628,view,137305
2015-06-02 05:29:06.463,789114,view,412312
2015-06-02 05:29:09.347,442035,view,75006
2015-06-02 05:29:09.983,901571,view,458588
2015-06-02 05:29:40.695,1045633,view,372688
2015-06-02 05:31:07.576,800456,view,31514
2015-06-02 05:31:16.406,1262470,view,102986
2015-06-02 05:31:42.457,741702,view,350819
2015-06-02 05:32:11.380,808133,view,128499
2015-06-02 05:32:18.106,692195,view,112792
2015-06-02 05:32:26.605,1282360,view,106564
2015-06-02 05:32:28.655,759369,view,386527
2015-06-02 05:32:39.620,784669,view,181743
2015-06-02 05:32:56.926,629333,view,128394
2015-06-02 05:33:23.944,125625,view,17655
2015-06-02 05:33:56.124,287857,addtocart,5206
2015-06-02 05:33:59.808,1377281,view,251467
2015-06-02 05:34:51.897,794181,view,439202
2015-06-02 05:36:00.663,1078178,view,323147
2015-06-02 05:36:16.533,1241483,view,298868
2015-06-02 05:37:27.924,860082,view,415437
2015-06-02 05:37:51.170,860082,view,22926
2015-06-02 05:38:22.068,77112,view,38483
2015-06-02 05:39:03.021,1193904,addtocart,255275
2015-06-02 05:39:34.540,432882,view,102061
2015-06-02 05:39:47.786,77112,view,97879
2015-06-02 05:40:22.608,177820,view,244504
2015-06-02 05:40:36.836,77112,view,146700
2015-06-02 05:40:43.340,112175,view,430845
2015-06-02 05:40:51.491,800456,view,394254
2015-06-02 05:41:37.356,598426,view,156489
2015-06-02 05:42:56.925,969887,view,159780
2015-06-02 05:43:05.793,392042,view,280375
2015-06-02 05:43:10.254,392042,view,16813
2015-06-02 05:44:14.839,21004,view,181142
2015-06-02 05:44:15.932,1179587,view,367797
2015-06-02 05:44:22.777,83034,view,255833
2015-06-02 05:44:26.018,993954,view,227935
2015-06-02 05:44:26.632,1045426,view,69533
2015-06-02 05:44:39.629,15795,view,81075
2015-06-02 05:45:00.862,132736,view,67627
2015-06-02 05:45:52.336,1263264,view,46097
2015-06-02 05:46:08.687,338231,view,141264
2015-06-02 05:47:21.294,376913,view,140848
2015-06-02 05:47:30.320,1151716,view,427725
2015-06-02 05:47:36.696,485456,view,216707
2015-06-02 05:47:50.841,1398644,view,135256
2015-06-02 05:47:58.165,223343,view,402625
2015-06-02 05:48:06.234,972639,view,22556
2015-06-02 05:49:05.724,854656,view,87947
2015-06-02 05:50:14.164,992329,view,248676
2015-06-02 05:50:29.496,15795,view,44872
2015-06-02 05:50:44.282,1370216,view,176721
2015-06-02 05:50:52.461,653756,view,132316
2015-06-02 05:51:06.445,273888,view,205392
2015-06-02 05:51:43.386,503970,view,448136
2015-06-02 05:52:04.329,635011,view,142075
2015-06-02 05:52:24.626,138674,view,202719
2015-06-02 05:52:32.539,282587,view,78037
2015-06-02 05:52:50.656,1137444,view,308053
2015-06-02 05:53:08.360,625389,view,316135
2015-06-02 05:53:16.283,536254,view,267839
2015-06-02 05:53:36.053,1028478,view,438681
2015-06-02 05:53:55.371,170060,view,213570
2015-06-02 05:54:24.446,513527,view,227437
2015-06-02 05:54:31.042,202383,view,261865
2015-06-02 05:54:58.209,970474,view,324543
2015-06-02 05:55:23.363,1044534,view,272187
2015-06-02 05:55:54.732,453474,view,250696
2015-06-02 05:57:24.638,361387,view,43485
2015-06-02 05:57:46.941,557587,view,131882
2015-06-02 05:58:03.817,608100,view,187722
2015-06-02 05:58:53.131,949379,view,310791
2015-06-02 05:59:14.197,1109336,view,431148
2015-06-02 05:59:42.317,239546,view,42002
